{
  "/ani1Start": {
    "min": 0,
    "max": 1,
    "value": 0
  },
  "/aFillMix": {
    "min": 0,
    "max": 1,
    "value": 0.13740020990371704
  },
  "/ani2trans": {"value": 2},
  "/rows": {
    "min": 1,
    "max": 50,
    "value": 36
  },
  "/periodicFuncScale": {
    "min": 0.009999999776482582,
    "max": 10,
    "value": 0.2824542820453644
  },
  "/numFrames": {
    "min": 10,
    "max": 1000,
    "value": 534.9144897460938
  },
  "/sliderSeed": {
    "min": 10000,
    "max": 99999,
    "value": 10000
  },
  "/rad": {
    "min": 0.009999999776482582,
    "max": 5,
    "value": 0.43811914324760437
  },
  "/ani2Dur": {
    "min": 0,
    "max": 1,
    "value": 0.20000000298023224
  },
  "/offMultX": {
    "min": 0,
    "max": 1000,
    "value": 675.5681762695312
  },
  "/off2": {
    "min": 0,
    "max": 1,
    "value": 0.10056815296411514
  },
  "/offMultY": {
    "min": 0,
    "max": 1000,
    "value": 3.9772582054138184
  },
  "/off3": {
    "min": 0,
    "max": 1,
    "value": 0.16988635063171387
  },
  "/scl": {
    "min": 0.0010000000474974513,
    "max": 0.0989999994635582,
    "value": 0.017999999225139618
  },
  "/mx": {
    "min": 0.009999999776482582,
    "max": 1,
    "value": 0.9718749523162842
  },
  "/my": {
    "min": 0.009999999776482582,
    "max": 1,
    "value": 0.10312998294830322
  },
  "/off1": {
    "min": 0,
    "max": 1,
    "value": 0.12159088253974915
  },
  "/bgFill": {
    "min": 0,
    "max": 255,
    "value": 47.83066940307617
  },
  "/dotSizePct": {
    "min": 0,
    "max": 0.03999999910593033,
    "value": 2.2727251052856445E-4
  },
  "/cols": {
    "min": 1,
    "max": 50,
    "value": 44.96079635620117
  },
  "/offScl": {
    "min": 0,
    "max": 1,
    "value": 0.1499999761581421
  },
  "/ani1trans": {"value": 0},
  "/stepLabel": {
    "stringValue": "step ",
    "value": 0
  },
  "/ani2Start": {
    "min": 0,
    "max": 1,
    "value": 0.5
  },
  "/label": {
    "stringValue": "29,97FPS",
    "value": 0
  },
  "/ani1Dur": {
    "min": 0,
    "max": 1,
    "value": 0.20000000298023224
  },
  "/Animlabel": {
    "stringValue": "anim 16/45",
    "value": 0
  }
}