{
  "/ani1Start": {
    "min": 0,
    "max": 1,
    "value": 0
  },
  "/aFillMix": {
    "min": 0,
    "max": 1,
    "value": 0.27993157505989075
  },
  "/ani2trans": {"value": 2},
  "/rows": {
    "min": 1,
    "max": 50,
    "value": 4
  },
  "/periodicFuncScale": {
    "min": 0.009999999776482582,
    "max": 10,
    "value": 7.56799840927124
  },
  "/numFrames": {
    "min": 10,
    "max": 1000,
    "value": 300.114013671875
  },
  "/sliderSeed": {
    "min": 10000,
    "max": 99999,
    "value": 10000
  },
  "/rad": {
    "min": 0.009999999776482582,
    "max": 5,
    "value": 0.21767942607402802
  },
  "/ani2Dur": {
    "min": 0,
    "max": 1,
    "value": 0.20000000298023224
  },
  "/offMultX": {
    "min": 0,
    "max": 1000,
    "value": 102.62255859375
  },
  "/off2": {
    "min": 0,
    "max": 1,
    "value": 0.12485744059085846
  },
  "/offMultY": {
    "min": 0,
    "max": 1000,
    "value": 103.76280975341797
  },
  "/off3": {
    "min": 0,
    "max": 1,
    "value": 0.3563283681869507
  },
  "/scl": {
    "min": 0.0010000000474974513,
    "max": 0.0989999994635582,
    "value": 0.017999999225139618
  },
  "/mx": {
    "min": 0.009999999776482582,
    "max": 1,
    "value": 0.292776495218277
  },
  "/my": {
    "min": 0.009999999776482582,
    "max": 1,
    "value": 0.13304448127746582
  },
  "/off1": {
    "min": 0,
    "max": 1,
    "value": 0.025655614212155342
  },
  "/bgFill": {
    "min": 0,
    "max": 255,
    "value": 67.0210952758789
  },
  "/dotSizePct": {
    "min": 0,
    "max": 0.03999999910593033,
    "value": 0.001026224810630083
  },
  "/cols": {
    "min": 1,
    "max": 50,
    "value": 15.000000953674316
  },
  "/offScl": {
    "min": 0,
    "max": 1,
    "value": 0.1499999761581421
  },
  "/ani1trans": {"value": 0},
  "/stepLabel": {
    "stringValue": "step ",
    "value": 0
  },
  "/ani2Start": {
    "min": 0,
    "max": 1,
    "value": 0.5
  },
  "/label": {
    "stringValue": "55.39FPS",
    "value": 0
  },
  "/ani1Dur": {
    "min": 0,
    "max": 1,
    "value": 0.20000000298023224
  },
  "/Animlabel": {
    "stringValue": "anim 14/45",
    "value": 0
  }
}