{
  "/sliderScl": {
    "min": 0.0010000000474974513,
    "max": 0.0989999994635582,
    "value": 0.02255999855697155
  },
  "/sliderOffScl": {
    "min": 0.0010000000474974513,
    "max": 0.014999999664723873,
    "value": 0.00674000009894371
  },
  "/sliderRad": {
    "min": 0.10000000149011612,
    "max": 3,
    "value": 1.3760000467300415
  },
  "/sliderSeed": {
    "min": 10000,
    "max": 99999,
    "value": 84699.171875
  },
  "/sliderN": {
    "min": 10,
    "max": 200,
    "value": 129.6999969482422
  },
  "/radioDebug": {"arrayValue": [0]}
}