{
  "/sliderScl": {
    "min": 0.0010000000474974513,
    "max": 0.0989999994635582,
    "value": 0.017999999225139618
  },
  "/sliderOffScl": {
    "min": 0.0010000000474974513,
    "max": 0.014999999664723873,
    "value": 0.01261999923735857
  },
  "/sliderRad": {
    "min": 0.10000000149011612,
    "max": 3,
    "value": 1.2999999523162842
  },
  "/sliderSeed": {
    "min": 10000,
    "max": 99999,
    "value": 12345
  },
  "/sliderN": {
    "min": 10,
    "max": 200,
    "value": 80
  },
  "/radioDebug": {"arrayValue": [0]}
}