{
  "/sliderScl": {
    "min": 0.0010000000474974513,
    "max": 0.0989999994635582,
    "value": 0.0010000000474974513
  },
  "/sliderOffScl": {
    "min": 0.0010000000474974513,
    "max": 0.014999999664723873,
    "value": 0.014999999664723873
  },
  "/sliderRad": {
    "min": 0.10000000149011612,
    "max": 3,
    "value": 0.2160000056028366
  },
  "/sliderSeed": {
    "min": 10000,
    "max": 99999,
    "value": 79299.2265625
  },
  "/sliderN": {
    "min": 10,
    "max": 200,
    "value": 10
  },
  "/radioDebug": {"arrayValue": [0]}
}