{
  "/sliderScl": {
    "min": 0.0010000000474974513,
    "max": 0.0989999994635582,
    "value": 0.02353999763727188
  },
  "/sliderOffScl": {
    "min": 0.0010000000474974513,
    "max": 0.014999999664723873,
    "value": 0.006599999498575926
  },
  "/sliderRad": {
    "min": 0.009999999776482582,
    "max": 1.5,
    "value": 0.14409999549388885
  },
  "/sliderSeed": {
    "min": 10000,
    "max": 99999,
    "value": 49599.55859375
  },
  "/sliderN": {
    "min": 10,
    "max": 200,
    "value": 118.29999542236328
  },
  "/radioDebug": {"arrayValue": [0]}
}