{
  "/rows": {
    "min": 1,
    "max": 300,
    "value": 39.869998931884766
  },
  "/periodicFuncScale": {
    "min": 0.009999999776482582,
    "max": 10,
    "value": 3.506499767303467
  },
  "/cols": {
    "min": 1,
    "max": 2130,
    "value": 235.19000244140625
  },
  "/numFrames": {
    "min": 10,
    "max": 1000,
    "value": 600
  },
  "/offScl": {
    "min": 0.0010000000474974513,
    "max": 0.014999999664723873,
    "value": 0.014999999664723873
  },
  "/sliderSeed": {
    "min": 10000,
    "max": 99999,
    "value": 70299.328125
  },
  "/rad": {
    "min": 0.009999999776482582,
    "max": 5,
    "value": 0.608799934387207
  },
  "/offMultX": {
    "min": 0,
    "max": 1000,
    "value": 580
  },
  "/offMultY": {
    "min": 0,
    "max": 1000,
    "value": 429.9999694824219
  },
  "/mx": {
    "min": 0.009999999776482582,
    "max": 1,
    "value": 0.42579999566078186
  },
  "/scl": {
    "min": 0.0010000000474974513,
    "max": 0.0989999994635582,
    "value": 0.040199995040893555
  },
  "/my": {
    "min": 0.009999999776482582,
    "max": 1,
    "value": 0.17830000817775726
  },
  "/bgFill": {
    "min": 0,
    "max": 255,
    "value": 247.34999084472656
  },
  "/dotSizePct": {
    "min": 0,
    "max": 0.009999999776482582,
    "value": 3.9999998989515007E-4
  }
}