{
  "/ani1Start": {
    "min": 0,
    "max": 1,
    "value": 0
  },
  "/aFillMix": {
    "min": 0,
    "max": 1,
    "value": 0.3374999761581421
  },
  "/ani2trans": {"value": 2},
  "/rows": {
    "min": 1,
    "max": 50,
    "value": 26.196020126342773
  },
  "/periodicFuncScale": {
    "min": 0.009999999776482582,
    "max": 10,
    "value": 3.5575850009918213
  },
  "/numFrames": {
    "min": 10,
    "max": 1000,
    "value": 534.9144897460938
  },
  "/sliderSeed": {
    "min": 10000,
    "max": 99999,
    "value": 10000
  },
  "/rad": {
    "min": 0.009999999776482582,
    "max": 5,
    "value": 1.2999999523162842
  },
  "/ani2Dur": {
    "min": 0,
    "max": 1,
    "value": 0.20000000298023224
  },
  "/offMultX": {
    "min": 0,
    "max": 1000,
    "value": 55.11362075805664
  },
  "/off2": {
    "min": 0,
    "max": 1,
    "value": 0.0598631426692009
  },
  "/offMultY": {
    "min": 0,
    "max": 1000,
    "value": 51.136348724365234
  },
  "/off3": {
    "min": 0,
    "max": 1,
    "value": 0.061003394424915314
  },
  "/scl": {
    "min": 0.0010000000474974513,
    "max": 0.0989999994635582,
    "value": 0.017999999225139618
  },
  "/mx": {
    "min": 0.009999999776482582,
    "max": 1,
    "value": 0.4898124933242798
  },
  "/my": {
    "min": 0.009999999776482582,
    "max": 1,
    "value": 0.4819374978542328
  },
  "/off1": {
    "min": 0,
    "max": 1,
    "value": 1
  },
  "/bgFill": {
    "min": 0,
    "max": 255,
    "value": 27.528406143188477
  },
  "/dotSizePct": {
    "min": 0,
    "max": 0.03999999910593033,
    "value": 0.007745454087853432
  },
  "/cols": {
    "min": 1,
    "max": 50,
    "value": 5
  },
  "/offScl": {
    "min": 0,
    "max": 1,
    "value": 0.1499999761581421
  },
  "/ani1trans": {"value": 0},
  "/stepLabel": {
    "stringValue": "step ",
    "value": 0
  },
  "/ani2Start": {
    "min": 0,
    "max": 1,
    "value": 0.5
  },
  "/label": {
    "stringValue": "17,51FPS",
    "value": 0
  },
  "/ani1Dur": {
    "min": 0,
    "max": 1,
    "value": 0.20000000298023224
  },
  "/Animlabel": {
    "stringValue": "anim 1/45",
    "value": 0
  }
}