{
  "/ani1Start": {
    "min": 0,
    "max": 1,
    "value": 0
  },
  "/aFillMix": {
    "min": 0,
    "max": 1,
    "value": 0.26818180084228516
  },
  "/ani2trans": {"value": 2},
  "/rows": {
    "min": 1,
    "max": 50,
    "value": 3
  },
  "/periodicFuncScale": {
    "min": 0.009999999776482582,
    "max": 10,
    "value": 2.189635992050171
  },
  "/numFrames": {
    "min": 10,
    "max": 1000,
    "value": 534.9144897460938
  },
  "/sliderSeed": {
    "min": 10000,
    "max": 99999,
    "value": 10000
  },
  "/rad": {
    "min": 0.009999999776482582,
    "max": 5,
    "value": 1.1024513244628906
  },
  "/ani2Dur": {
    "min": 0,
    "max": 1,
    "value": 0.20000000298023224
  },
  "/offMultX": {
    "min": 0,
    "max": 1000,
    "value": 47.1590576171875
  },
  "/off2": {
    "min": 0,
    "max": 1,
    "value": 0.985176682472229
  },
  "/offMultY": {
    "min": 0,
    "max": 1000,
    "value": 42.61362075805664
  },
  "/off3": {
    "min": 0,
    "max": 1,
    "value": 0.13806815445423126
  },
  "/scl": {
    "min": 0.0010000000474974513,
    "max": 0.0989999994635582,
    "value": 0.017999999225139618
  },
  "/mx": {
    "min": 0.009999999776482582,
    "max": 1,
    "value": 0.9280000329017639
  },
  "/my": {
    "min": 0.009999999776482582,
    "max": 1,
    "value": 0.8042500019073486
  },
  "/off1": {
    "min": 0,
    "max": 1,
    "value": 0
  },
  "/bgFill": {
    "min": 0,
    "max": 255,
    "value": 40.133514404296875
  },
  "/dotSizePct": {
    "min": 0,
    "max": 0.03999999910593033,
    "value": 0.0011999995913356543
  },
  "/cols": {
    "min": 1,
    "max": 50,
    "value": 23
  },
  "/offScl": {
    "min": 0,
    "max": 1,
    "value": 0.24602273106575012
  },
  "/ani1trans": {"value": 0},
  "/stepLabel": {
    "stringValue": "step ",
    "value": 0
  },
  "/ani2Start": {
    "min": 0,
    "max": 1,
    "value": 0.5
  },
  "/label": {
    "stringValue": "29,97FPS",
    "value": 0
  },
  "/ani1Dur": {
    "min": 0,
    "max": 1,
    "value": 0.20000000298023224
  },
  "/Animlabel": {
    "stringValue": "anim 10/45",
    "value": 0
  }
}