{
  "/ani1Start": {
    "min": 0,
    "max": 1,
    "value": 0
  },
  "/aFillMix": {
    "min": 0,
    "max": 1,
    "value": 0.019954383373260498
  },
  "/ani2trans": {"value": 2},
  "/rows": {
    "min": 1,
    "max": 50,
    "value": 36
  },
  "/periodicFuncScale": {
    "min": 0.009999999776482582,
    "max": 10,
    "value": 3.7235002517700195
  },
  "/numFrames": {
    "min": 10,
    "max": 1000,
    "value": 534.9144897460938
  },
  "/sliderSeed": {
    "min": 10000,
    "max": 99999,
    "value": 10000
  },
  "/rad": {
    "min": 0.009999999776482582,
    "max": 5,
    "value": 1.4040133953094482
  },
  "/ani2Dur": {
    "min": 0,
    "max": 1,
    "value": 0.20000000298023224
  },
  "/offMultX": {
    "min": 0,
    "max": 1000,
    "value": 76.39678955078125
  },
  "/off2": {
    "min": 0,
    "max": 1,
    "value": 0.1271379441022873
  },
  "/offMultY": {
    "min": 0,
    "max": 1000,
    "value": 88.36943054199219
  },
  "/off3": {
    "min": 0,
    "max": 1,
    "value": 0.18700110912322998
  },
  "/scl": {
    "min": 0.0010000000474974513,
    "max": 0.0989999994635582,
    "value": 0.017999999225139618
  },
  "/mx": {
    "min": 0.009999999776482582,
    "max": 1,
    "value": 0.5033067464828491
  },
  "/my": {
    "min": 0.009999999776482582,
    "max": 1,
    "value": 0.5078221559524536
  },
  "/off1": {
    "min": 0,
    "max": 1,
    "value": 0.16932722926139832
  },
  "/bgFill": {
    "min": 0,
    "max": 255,
    "value": 236.100341796875
  },
  "/dotSizePct": {
    "min": 0,
    "max": 0.03999999910593033,
    "value": 0.0036488017067313194
  },
  "/cols": {
    "min": 1,
    "max": 50,
    "value": 36
  },
  "/offScl": {
    "min": 0,
    "max": 1,
    "value": 0.1499999761581421
  },
  "/ani1trans": {"value": 0},
  "/stepLabel": {
    "stringValue": "step ",
    "value": 0
  },
  "/ani2Start": {
    "min": 0,
    "max": 1,
    "value": 0.5
  },
  "/label": {
    "stringValue": "50.73FPS",
    "value": 0
  },
  "/ani1Dur": {
    "min": 0,
    "max": 1,
    "value": 0.20000000298023224
  },
  "/Animlabel": {
    "stringValue": "anim 11/45",
    "value": 0
  }
}