{
  "/ani1Start": {
    "min": 0,
    "max": 1,
    "value": 0
  },
  "/aFillMix": {
    "min": 0,
    "max": 1,
    "value": 0.13740020990371704
  },
  "/ani2trans": {"value": 2},
  "/rows": {
    "min": 1,
    "max": 50,
    "value": 36
  },
  "/periodicFuncScale": {
    "min": 0.009999999776482582,
    "max": 10,
    "value": 0.7251929044723511
  },
  "/numFrames": {
    "min": 10,
    "max": 1000,
    "value": 534.9144897460938
  },
  "/sliderSeed": {
    "min": 10000,
    "max": 99999,
    "value": 10000
  },
  "/rad": {
    "min": 0.009999999776482582,
    "max": 5,
    "value": 1.7933576107025146
  },
  "/ani2Dur": {
    "min": 0,
    "max": 1,
    "value": 0.20000000298023224
  },
  "/offMultX": {
    "min": 0,
    "max": 1000,
    "value": 76.39678955078125
  },
  "/off2": {
    "min": 0,
    "max": 1,
    "value": 0.985176682472229
  },
  "/offMultY": {
    "min": 0,
    "max": 1000,
    "value": 717.04541015625
  },
  "/off3": {
    "min": 0,
    "max": 1,
    "value": 0.18700110912322998
  },
  "/scl": {
    "min": 0.0010000000474974513,
    "max": 0.0989999994635582,
    "value": 0.017999999225139618
  },
  "/mx": {
    "min": 0.009999999776482582,
    "max": 1,
    "value": 0.03201252222061157
  },
  "/my": {
    "min": 0.009999999776482582,
    "max": 1,
    "value": 0.10312998294830322
  },
  "/off1": {
    "min": 0,
    "max": 1,
    "value": 0.1693272590637207
  },
  "/bgFill": {
    "min": 0,
    "max": 255,
    "value": 47.83066940307617
  },
  "/dotSizePct": {
    "min": 0,
    "max": 0.03999999910593033,
    "value": 2.272723795613274E-4
  },
  "/cols": {
    "min": 1,
    "max": 50,
    "value": 36
  },
  "/offScl": {
    "min": 0,
    "max": 1,
    "value": 0.1499999761581421
  },
  "/ani1trans": {"value": 0},
  "/stepLabel": {
    "stringValue": "step ",
    "value": 0
  },
  "/ani2Start": {
    "min": 0,
    "max": 1,
    "value": 0.5
  },
  "/label": {
    "stringValue": "29,97FPS",
    "value": 0
  },
  "/ani1Dur": {
    "min": 0,
    "max": 1,
    "value": 0.20000000298023224
  },
  "/Animlabel": {
    "stringValue": "anim 30/45",
    "value": 0
  }
}