{
  "/ani1Start": {
    "min": 0,
    "max": 1,
    "value": 0
  },
  "/aFillMix": {
    "min": 0,
    "max": 1,
    "value": 0.019954383373260498
  },
  "/ani2trans": {"value": 2},
  "/rows": {
    "min": 1,
    "max": 50,
    "value": 6
  },
  "/periodicFuncScale": {
    "min": 0.009999999776482582,
    "max": 10,
    "value": 2.0205299854278564
  },
  "/numFrames": {
    "min": 10,
    "max": 1000,
    "value": 534.9144897460938
  },
  "/sliderSeed": {
    "min": 10000,
    "max": 99999,
    "value": 10000
  },
  "/rad": {
    "min": 0.009999999776482582,
    "max": 5,
    "value": 1.1024513244628906
  },
  "/ani2Dur": {
    "min": 0,
    "max": 1,
    "value": 0.20000000298023224
  },
  "/offMultX": {
    "min": 0,
    "max": 1000,
    "value": 716.0775146484375
  },
  "/off2": {
    "min": 0,
    "max": 1,
    "value": 0.985176682472229
  },
  "/offMultY": {
    "min": 0,
    "max": 1000,
    "value": 0
  },
  "/off3": {
    "min": 0,
    "max": 1,
    "value": 0
  },
  "/scl": {
    "min": 0.0010000000474974513,
    "max": 0.0989999994635582,
    "value": 0.017999999225139618
  },
  "/mx": {
    "min": 0.009999999776482582,
    "max": 1,
    "value": 0.8673602938652039
  },
  "/my": {
    "min": 0.009999999776482582,
    "max": 1,
    "value": 0.7223032712936401
  },
  "/off1": {
    "min": 0,
    "max": 1,
    "value": 0
  },
  "/bgFill": {
    "min": 0,
    "max": 255,
    "value": 236.100341796875
  },
  "/dotSizePct": {
    "min": 0,
    "max": 0.03999999910593033,
    "value": 6.157346069812775E-4
  },
  "/cols": {
    "min": 1,
    "max": 50,
    "value": 5
  },
  "/offScl": {
    "min": 0,
    "max": 1,
    "value": 0.1499999761581421
  },
  "/ani1trans": {"value": 0},
  "/stepLabel": {
    "stringValue": "step ",
    "value": 0
  },
  "/ani2Start": {
    "min": 0,
    "max": 1,
    "value": 0.5
  },
  "/label": {
    "stringValue": "51.59FPS",
    "value": 0
  },
  "/ani1Dur": {
    "min": 0,
    "max": 1,
    "value": 0.20000000298023224
  },
  "/Animlabel": {
    "stringValue": "anim 8/45",
    "value": 0
  }
}