{
  "/rows": {
    "min": 1,
    "max": 200,
    "value": 6.96999979019165
  },
  "/periodicFuncScale": {
    "min": 0.009999999776482582,
    "max": 10,
    "value": 8.101900100708008
  },
  "/cols": {
    "min": 1,
    "max": 200,
    "value": 22.889999389648438
  },
  "/numFrames": {
    "min": 10,
    "max": 1000,
    "value": 445.6000061035156
  },
  "/offScl": {
    "min": 0.0010000000474974513,
    "max": 0.014999999664723873,
    "value": 0.014999999664723873
  },
  "/sliderSeed": {
    "min": 10000,
    "max": 99999,
    "value": 54099.5078125
  },
  "/rad": {
    "min": 0.009999999776482582,
    "max": 5,
    "value": 0.858299970626831
  },
  "/offMultX": {
    "min": 0,
    "max": 1000,
    "value": 30
  },
  "/offMultY": {
    "min": 0,
    "max": 1000,
    "value": 10
  },
  "/mx": {
    "min": 0.009999999776482582,
    "max": 1,
    "value": 0.5148999691009521
  },
  "/scl": {
    "min": 0.0010000000474974513,
    "max": 0.0989999994635582,
    "value": 0.016679998487234116
  },
  "/my": {
    "min": 0.009999999776482582,
    "max": 1,
    "value": 0.8514999747276306
  },
  "/bgFill": {
    "min": 0,
    "max": 255,
    "value": 79.05000305175781
  },
  "/dotSizePct": {
    "min": 0,
    "max": 0.009999999776482582,
    "value": 0.0010999999940395355
  }
}