{
  "/rows": {
    "min": 1,
    "max": 200,
    "value": 200
  },
  "/periodicFuncScale": {
    "min": 0.009999999776482582,
    "max": 10,
    "value": 4.505499839782715
  },
  "/cols": {
    "min": 1,
    "max": 200,
    "value": 4.980000019073486
  },
  "/numFrames": {
    "min": 10,
    "max": 1000,
    "value": 505
  },
  "/offScl": {
    "min": 0.0010000000474974513,
    "max": 0.014999999664723873,
    "value": 0.014999999664723873
  },
  "/sliderSeed": {
    "min": 10000,
    "max": 99999,
    "value": 58599.45703125
  },
  "/rad": {
    "min": 0.009999999776482582,
    "max": 5,
    "value": 4.500999927520752
  },
  "/offMultX": {
    "min": 0,
    "max": 1000,
    "value": 10
  },
  "/offMultY": {
    "min": 0,
    "max": 1000,
    "value": 10
  },
  "/mx": {
    "min": 0.009999999776482582,
    "max": 1,
    "value": 0.5248000025749207
  },
  "/scl": {
    "min": 0.0010000000474974513,
    "max": 0.0989999994635582,
    "value": 0.06077999994158745
  },
  "/my": {
    "min": 0.009999999776482582,
    "max": 1,
    "value": 0.009999999776482582
  },
  "/bgFill": {
    "min": 0,
    "max": 255,
    "value": 255
  },
  "/dotSizePct": {
    "min": 0,
    "max": 0.009999999776482582,
    "value": 4.999999655410647E-4
  }
}