{
  "/rows": {
    "min": 1,
    "max": 300,
    "value": 300
  },
  "/periodicFuncScale": {
    "min": 0.009999999776482582,
    "max": 10,
    "value": 10
  },
  "/cols": {
    "min": 1,
    "max": 300,
    "value": 300
  },
  "/numFrames": {
    "min": 10,
    "max": 1000,
    "value": 1000
  },
  "/offScl": {
    "min": 0.0010000000474974513,
    "max": 0.014999999664723873,
    "value": 0.014999999664723873
  },
  "/sliderSeed": {
    "min": 10000,
    "max": 99999,
    "value": 61299.4296875
  },
  "/rad": {
    "min": 0.009999999776482582,
    "max": 5,
    "value": 3.253499746322632
  },
  "/offMultX": {
    "min": 0,
    "max": 1000,
    "value": 10
  },
  "/offMultY": {
    "min": 0,
    "max": 1000,
    "value": 0
  },
  "/mx": {
    "min": 0.009999999776482582,
    "max": 1,
    "value": 0.019899999722838402
  },
  "/scl": {
    "min": 0.0010000000474974513,
    "max": 0.0989999994635582,
    "value": 0.029419997707009315
  },
  "/my": {
    "min": 0.009999999776482582,
    "max": 1,
    "value": 0.009999999776482582
  },
  "/bgFill": {
    "min": 0,
    "max": 255,
    "value": 209.09999084472656
  },
  "/dotSizePct": {
    "min": 0,
    "max": 0.009999999776482582,
    "value": 2.9999998514540493E-4
  }
}