{
  "/rows": {
    "min": 1,
    "max": 200,
    "value": 1
  },
  "/periodicFuncScale": {
    "min": 0.009999999776482582,
    "max": 10,
    "value": 1
  },
  "/cols": {
    "min": 1,
    "max": 200,
    "value": 1
  },
  "/numFrames": {
    "min": 10,
    "max": 1000,
    "value": 60
  },
  "/offScl": {
    "min": 0.0010000000474974513,
    "max": 0.014999999664723873,
    "value": 0.014999999664723873
  },
  "/sliderSeed": {
    "min": 10000,
    "max": 99999,
    "value": 10000
  },
  "/rad": {
    "min": 0.009999999776482582,
    "max": 5,
    "value": 1.2999999523162842
  },
  "/offMultX": {
    "min": 0,
    "max": 1000,
    "value": 20
  },
  "/offMultY": {
    "min": 0,
    "max": 1000,
    "value": 20
  },
  "/mx": {
    "min": 0.009999999776482582,
    "max": 1,
    "value": 0.5
  },
  "/scl": {
    "min": 0.0010000000474974513,
    "max": 0.0989999994635582,
    "value": 0.017999999225139618
  },
  "/my": {
    "min": 0.009999999776482582,
    "max": 1,
    "value": 0.5
  },
  "/bgFill": {
    "min": 0,
    "max": 255,
    "value": 50
  },
  "/dotSizePct": {
    "min": 0,
    "max": 0.03999999910593033,
    "value": 0.009999999776482582
  }
}