{
  "/rows": {
    "min": 1,
    "max": 200,
    "value": 1
  },
  "/periodicFuncScale": {
    "min": 0.009999999776482582,
    "max": 10,
    "value": 3.306699752807617
  },
  "/cols": {
    "min": 1,
    "max": 200,
    "value": 1
  },
  "/numFrames": {
    "min": 10,
    "max": 1000,
    "value": 108.99999237060547
  },
  "/offScl": {
    "min": 0.0010000000474974513,
    "max": 0.014999999664723873,
    "value": 0.011919999495148659
  },
  "/sliderSeed": {
    "min": 10000,
    "max": 99999,
    "value": 18099.91015625
  },
  "/rad": {
    "min": 0.009999999776482582,
    "max": 5,
    "value": 1.1077998876571655
  },
  "/offMultX": {
    "min": 0,
    "max": 1000,
    "value": 130
  },
  "/offMultY": {
    "min": 0,
    "max": 1000,
    "value": 80
  },
  "/mx": {
    "min": 0.009999999776482582,
    "max": 1,
    "value": 0.5049999952316284
  },
  "/scl": {
    "min": 0.0010000000474974513,
    "max": 0.0989999994635582,
    "value": 0.05097999423742294
  },
  "/my": {
    "min": 0.009999999776482582,
    "max": 1,
    "value": 0.4851999878883362
  },
  "/bgFill": {
    "min": 0,
    "max": 255,
    "value": 158.10000610351562
  },
  "/dotSizePct": {
    "min": 0,
    "max": 0.03999999910593033,
    "value": 0.0279999990016222
  }
}