{
  "/aFillMix": {
    "min": 0,
    "max": 1,
    "value": 0.25999999046325684
  },
  "/rows": {
    "min": 1,
    "max": 200,
    "value": 200
  },
  "/periodicFuncScale": {
    "min": 0.009999999776482582,
    "max": 10,
    "value": 1
  },
  "/cols": {
    "min": 1,
    "max": 200,
    "value": 30.849998474121094
  },
  "/numFrames": {
    "min": 10,
    "max": 1000,
    "value": 505
  },
  "/offScl": {
    "min": 0.0010000000474974513,
    "max": 0.014999999664723873,
    "value": 0.014999999664723873
  },
  "/sliderSeed": {
    "min": 10000,
    "max": 99999,
    "value": 58599.45703125
  },
  "/rad": {
    "min": 0.009999999776482582,
    "max": 5,
    "value": 4.500999927520752
  },
  "/label": {
    "stringValue": "13.85FPS",
    "value": 0
  },
  "/offMultX": {
    "min": 0,
    "max": 1000,
    "value": 0
  },
  "/offMultY": {
    "min": 0,
    "max": 1000,
    "value": 10
  },
  "/scl": {
    "min": 0.0010000000474974513,
    "max": 0.0989999994635582,
    "value": 0.06077999994158745
  },
  "/mx": {
    "min": 0.009999999776482582,
    "max": 1,
    "value": 0.009999999776482582
  },
  "/my": {
    "min": 0.009999999776482582,
    "max": 1,
    "value": 0.009999999776482582
  },
  "/bgFill": {
    "min": 0,
    "max": 255,
    "value": 255
  },
  "/dotSizePct": {
    "min": 0,
    "max": 0.009999999776482582,
    "value": 3.9999998989515007E-4
  }
}