{
  "/ani1Start": {
    "min": 0,
    "max": 1,
    "value": 0
  },
  "/aFillMix": {
    "min": 0,
    "max": 1,
    "value": 0
  },
  "/ani2trans": {"value": 2},
  "/rows": {
    "min": 1,
    "max": 200,
    "value": 60
  },
  "/periodicFuncScale": {
    "min": 0.009999999776482582,
    "max": 10,
    "value": 0.6093999743461609
  },
  "/cols": {
    "min": 1,
    "max": 200,
    "value": 60
  },
  "/numFrames": {
    "min": 10,
    "max": 1000,
    "value": 237.6999969482422
  },
  "/offScl": {
    "min": 0.0010000000474974513,
    "max": 0.014999999664723873,
    "value": 0.0029600001871585846
  },
  "/sliderSeed": {
    "min": 10000,
    "max": 99999,
    "value": 10000
  },
  "/ani1trans": {"value": 0},
  "/ani2Start": {
    "min": 0,
    "max": 1,
    "value": 0.5
  },
  "/rad": {
    "min": 0.009999999776482582,
    "max": 5,
    "value": 0.11367511749267578
  },
  "/ani2Dur": {
    "min": 0,
    "max": 1,
    "value": 0.20000000298023224
  },
  "/label": {
    "stringValue": "21.14FPS",
    "value": 0
  },
  "/offMultX": {
    "min": 0,
    "max": 1000,
    "value": 310
  },
  "/offMultY": {
    "min": 0,
    "max": 1000,
    "value": 310
  },
  "/ani1Dur": {
    "min": 0,
    "max": 1,
    "value": 0.20000000298023224
  },
  "/scl": {
    "min": 0.0010000000474974513,
    "max": 0.0989999994635582,
    "value": 0.03039524517953396
  },
  "/mx": {
    "min": 0.009999999776482582,
    "max": 1,
    "value": 0.16840000450611115
  },
  "/my": {
    "min": 0.009999999776482582,
    "max": 1,
    "value": 0.8316999673843384
  },
  "/bgFill": {
    "min": 0,
    "max": 255,
    "value": 22.949996948242188
  },
  "/dotSizePct": {
    "min": 0,
    "max": 0.03999999910593033,
    "value": 3.9999998989515007E-4
  }
}