{
  "/aFillMix": {
    "min": 0,
    "max": 1,
    "value": 0.5
  },
  "/rows": {
    "min": 1,
    "max": 300,
    "value": 72.76000213623047
  },
  "/periodicFuncScale": {
    "min": 0.009999999776482582,
    "max": 10,
    "value": 1.1088999509811401
  },
  "/cols": {
    "min": 1,
    "max": 300,
    "value": 81.72999572753906
  },
  "/numFrames": {
    "min": 10,
    "max": 1000,
    "value": 600
  },
  "/offScl": {
    "min": 0.0010000000474974513,
    "max": 0.014999999664723873,
    "value": 0.008979999460279942
  },
  "/sliderSeed": {
    "min": 10000,
    "max": 99999,
    "value": 43299.62890625
  },
  "/rad": {
    "min": 0.009999999776482582,
    "max": 5,
    "value": 0.10979998856782913
  },
  "/label": {
    "stringValue": "14.73FPS",
    "value": 0
  },
  "/offMultX": {
    "min": 0,
    "max": 1000,
    "value": 329.9999694824219
  },
  "/offMultY": {
    "min": 0,
    "max": 1000,
    "value": 489.9999694824219
  },
  "/scl": {
    "min": 0.0010000000474974513,
    "max": 0.0989999994635582,
    "value": 0.011779999360442162
  },
  "/mx": {
    "min": 0.009999999776482582,
    "max": 1,
    "value": 0.36639997363090515
  },
  "/my": {
    "min": 0.009999999776482582,
    "max": 1,
    "value": 0.6039999723434448
  },
  "/bgFill": {
    "min": 0,
    "max": 255,
    "value": 86.70000457763672
  },
  "/dotSizePct": {
    "min": 0,
    "max": 0.009999999776482582,
    "value": 2.9999998514540493E-4
  }
}