{
  "/ani1Start": {
    "min": 0,
    "max": 1,
    "value": 0
  },
  "/aFillMix": {
    "min": 0,
    "max": 1,
    "value": 0.3700000047683716
  },
  "/ani2trans": {"value": 2},
  "/rows": {
    "min": 1,
    "max": 200,
    "value": 20.899999618530273
  },
  "/periodicFuncScale": {
    "min": 0.009999999776482582,
    "max": 10,
    "value": 5.304699897766113
  },
  "/cols": {
    "min": 1,
    "max": 200,
    "value": 14.930000305175781
  },
  "/numFrames": {
    "min": 10,
    "max": 1000,
    "value": 59.499996185302734
  },
  "/offScl": {
    "min": 0.0010000000474974513,
    "max": 0.014999999664723873,
    "value": 0.014999999664723873
  },
  "/sliderSeed": {
    "min": 10000,
    "max": 99999,
    "value": 66699.375
  },
  "/ani1trans": {"value": 4},
  "/ani2Start": {
    "min": 0,
    "max": 1,
    "value": 0.5
  },
  "/rad": {
    "min": 0.009999999776482582,
    "max": 5,
    "value": 0.05989999324083328
  },
  "/ani2Dur": {
    "min": 0,
    "max": 1,
    "value": 0.20000000298023224
  },
  "/label": {
    "stringValue": "58.96FPS",
    "value": 0
  },
  "/offMultX": {
    "min": 0,
    "max": 1000,
    "value": 89.99999237060547
  },
  "/offMultY": {
    "min": 0,
    "max": 1000,
    "value": 80
  },
  "/ani1Dur": {
    "min": 0,
    "max": 1,
    "value": 0.20000000298023224
  },
  "/scl": {
    "min": 0.0010000000474974513,
    "max": 0.0989999994635582,
    "value": 0.017659999430179596
  },
  "/mx": {
    "min": 0.009999999776482582,
    "max": 1,
    "value": 0.03970000147819519
  },
  "/my": {
    "min": 0.009999999776482582,
    "max": 1,
    "value": 0.03970000147819519
  },
  "/bgFill": {
    "min": 0,
    "max": 255,
    "value": 50
  },
  "/dotSizePct": {
    "min": 0,
    "max": 0.009999999776482582,
    "value": 5.999999702908099E-4
  }
}