{
  "/ani1Start": {
    "min": 0,
    "max": 1,
    "value": 0
  },
  "/aFillMix": {
    "min": 0,
    "max": 1,
    "value": 0.7175999879837036
  },
  "/ani2trans": {"value": 2},
  "/rows": {
    "min": 1,
    "max": 200,
    "value": 15
  },
  "/periodicFuncScale": {
    "min": 0.009999999776482582,
    "max": 10,
    "value": 0.46266400814056396
  },
  "/numFrames": {
    "min": 10,
    "max": 1000,
    "value": 214.49600219726562
  },
  "/sliderSeed": {
    "min": 10000,
    "max": 99999,
    "value": 10000
  },
  "/rad": {
    "min": 0.009999999776482582,
    "max": 5,
    "value": 1.0379397869110107
  },
  "/ani2Dur": {
    "min": 0,
    "max": 1,
    "value": 0.20000000298023224
  },
  "/offMultX": {
    "min": 0,
    "max": 1000,
    "value": 20
  },
  "/off2": {
    "min": 0,
    "max": 1,
    "value": 0.1427999883890152
  },
  "/offMultY": {
    "min": 0,
    "max": 1000,
    "value": 20
  },
  "/off3": {
    "min": 0,
    "max": 1,
    "value": 0
  },
  "/scl": {
    "min": 0.0010000000474974513,
    "max": 0.0989999994635582,
    "value": 0.02165439911186695
  },
  "/mx": {
    "min": 0.009999999776482582,
    "max": 1,
    "value": 0.31412801146507263
  },
  "/my": {
    "min": 0.009999999776482582,
    "max": 1,
    "value": 0.6372640132904053
  },
  "/off1": {
    "min": 0,
    "max": 1,
    "value": 0.2452000081539154
  },
  "/bgFill": {
    "min": 0,
    "max": 255,
    "value": 19.468000411987305
  },
  "/dotSizePct": {
    "min": 0,
    "max": 0.03999999910593033,
    "value": 0.0028319996781647205
  },
  "/cols": {
    "min": 1,
    "max": 200,
    "value": 17
  },
  "/offScl": {
    "min": 0,
    "max": 1,
    "value": 0.15000000596046448
  },
  "/ani1trans": {"value": 0},
  "/ani2Start": {
    "min": 0,
    "max": 1,
    "value": 0.5
  },
  "/label": {
    "stringValue": "54.94FPS",
    "value": 0
  },
  "/ani1Dur": {
    "min": 0,
    "max": 1,
    "value": 0.20000000298023224
  },
  "/Animlabel": {
    "stringValue": "anim 8/9",
    "value": 0
  }
}