{
  "/aFillMix": {
    "min": 0,
    "max": 1,
    "value": 0.35999998450279236
  },
  "/rows": {
    "min": 1,
    "max": 200,
    "value": 20.899999618530273
  },
  "/periodicFuncScale": {
    "min": 0.009999999776482582,
    "max": 10,
    "value": 0.8091999292373657
  },
  "/cols": {
    "min": 1,
    "max": 200,
    "value": 22.889999389648438
  },
  "/numFrames": {
    "min": 10,
    "max": 1000,
    "value": 60
  },
  "/offScl": {
    "min": 0.0010000000474974513,
    "max": 0.014999999664723873,
    "value": 0.014999999664723873
  },
  "/sliderSeed": {
    "min": 10000,
    "max": 99999,
    "value": 52299.53125
  },
  "/rad": {
    "min": 0.009999999776482582,
    "max": 5,
    "value": 1.856299877166748
  },
  "/offMultX": {
    "min": 0,
    "max": 1000,
    "value": 10
  },
  "/offMultY": {
    "min": 0,
    "max": 1000,
    "value": 10
  },
  "/mx": {
    "min": 0.009999999776482582,
    "max": 1,
    "value": 0.8812000155448914
  },
  "/scl": {
    "min": 0.0010000000474974513,
    "max": 0.0989999994635582,
    "value": 0.0431399941444397
  },
  "/my": {
    "min": 0.009999999776482582,
    "max": 1,
    "value": 0.9009999632835388
  },
  "/bgFill": {
    "min": 0,
    "max": 255,
    "value": 12.749999046325684
  },
  "/dotSizePct": {
    "min": 0,
    "max": 0.03999999910593033,
    "value": 0.0011999999405816197
  }
}