{
  "/ani1Start": {
    "min": 0,
    "max": 1,
    "value": 0.07000000029802322
  },
  "/aFillMix": {
    "min": 0,
    "max": 1,
    "value": 0
  },
  "/ani2trans": {"value": 30},
  "/rows": {
    "min": 1,
    "max": 200,
    "value": 2
  },
  "/periodicFuncScale": {
    "min": 0.009999999776482582,
    "max": 10,
    "value": 0.9090999364852905
  },
  "/numFrames": {
    "min": 10,
    "max": 1000,
    "value": 613.9000244140625
  },
  "/sliderSeed": {
    "min": 10000,
    "max": 99999,
    "value": 36099.7109375
  },
  "/rad": {
    "min": 0.009999999776482582,
    "max": 5,
    "value": 0.35929998755455017
  },
  "/ani2Dur": {
    "min": 0,
    "max": 1,
    "value": 0.20000000298023224
  },
  "/offMultX": {
    "min": 0,
    "max": 1000,
    "value": 159.98812866210938
  },
  "/off2": {
    "min": 0,
    "max": 1,
    "value": 0
  },
  "/offMultY": {
    "min": 0,
    "max": 1000,
    "value": 249.9847412109375
  },
  "/off3": {
    "min": 0,
    "max": 1,
    "value": 8.475780487060547E-5
  },
  "/scl": {
    "min": 0.0010000000474974513,
    "max": 0.0989999994635582,
    "value": 0.06077642738819122
  },
  "/mx": {
    "min": 0.009999999776482582,
    "max": 1,
    "value": 0.31691592931747437
  },
  "/my": {
    "min": 0.009999999776482582,
    "max": 1,
    "value": 0.3664293587207794
  },
  "/off1": {
    "min": 0,
    "max": 1,
    "value": 0.5500381588935852
  },
  "/bgFill": {
    "min": 0,
    "max": 255,
    "value": 255
  },
  "/dotSizePct": {
    "min": 0,
    "max": 0.03999999910593033,
    "value": 0.013202272355556488
  },
  "/cols": {
    "min": 1,
    "max": 200,
    "value": 2
  },
  "/offScl": {
    "min": 0,
    "max": 1,
    "value": 0.4999830722808838
  },
  "/ani1trans": {"value": 23},
  "/ani2Start": {
    "min": 0,
    "max": 1,
    "value": 0.5
  },
  "/label": {
    "stringValue": "56.36FPS",
    "value": 0
  },
  "/ani1Dur": {
    "min": 0,
    "max": 1,
    "value": 0.20000000298023224
  }
}