{
  "/ani1Start": {
    "min": 0,
    "max": 1,
    "value": 0
  },
  "/aFillMix": {
    "min": 0,
    "max": 1,
    "value": 0
  },
  "/ani2trans": {"value": 30},
  "/rows": {
    "min": 1,
    "max": 200,
    "value": 57
  },
  "/periodicFuncScale": {
    "min": 0.009999999776482582,
    "max": 10,
    "value": 1
  },
  "/numFrames": {
    "min": 10,
    "max": 1000,
    "value": 247.59999084472656
  },
  "/sliderSeed": {
    "min": 10000,
    "max": 99999,
    "value": 10000
  },
  "/rad": {
    "min": 0.009999999776482582,
    "max": 5,
    "value": 3.0730249881744385
  },
  "/ani2Dur": {
    "min": 0,
    "max": 1,
    "value": 0.20000000298023224
  },
  "/offMultX": {
    "min": 0,
    "max": 1000,
    "value": 120
  },
  "/off2": {
    "min": 0,
    "max": 1,
    "value": 0
  },
  "/offMultY": {
    "min": 0,
    "max": 1000,
    "value": 20
  },
  "/off3": {
    "min": 0,
    "max": 1,
    "value": 0.44999998807907104
  },
  "/scl": {
    "min": 0.0010000000474974513,
    "max": 0.0989999994635582,
    "value": 0.003939999267458916
  },
  "/mx": {
    "min": 0.009999999776482582,
    "max": 1,
    "value": 0.09909999370574951
  },
  "/my": {
    "min": 0.009999999776482582,
    "max": 1,
    "value": 0.10899996757507324
  },
  "/off1": {
    "min": 0,
    "max": 1,
    "value": 0
  },
  "/bgFill": {
    "min": 0,
    "max": 255,
    "value": 255
  },
  "/dotSizePct": {
    "min": 0,
    "max": 0.03999999910593033,
    "value": 4.000002518296242E-4
  },
  "/cols": {
    "min": 1,
    "max": 200,
    "value": 26
  },
  "/offScl": {
    "min": 0,
    "max": 1,
    "value": 0.22999998927116394
  },
  "/ani1trans": {"value": 1},
  "/ani2Start": {
    "min": 0,
    "max": 1,
    "value": 0.5
  },
  "/label": {
    "stringValue": "45.89FPS",
    "value": 0
  },
  "/ani1Dur": {
    "min": 0,
    "max": 1,
    "value": 0.20000000298023224
  }
}