{
  "/aFillMix": {
    "min": 0,
    "max": 1,
    "value": 1
  },
  "/rows": {
    "min": 1,
    "max": 300,
    "value": 99.66999816894531
  },
  "/periodicFuncScale": {
    "min": 0.009999999776482582,
    "max": 10,
    "value": 1.6083998680114746
  },
  "/cols": {
    "min": 1,
    "max": 300,
    "value": 132.55999755859375
  },
  "/numFrames": {
    "min": 10,
    "max": 1000,
    "value": 600
  },
  "/offScl": {
    "min": 0.0010000000474974513,
    "max": 0.014999999664723873,
    "value": 0.01387999951839447
  },
  "/sliderSeed": {
    "min": 10000,
    "max": 99999,
    "value": 55899.48828125
  },
  "/rad": {
    "min": 0.009999999776482582,
    "max": 5,
    "value": 0.7085999846458435
  },
  "/label": {
    "stringValue": "7.75FPS",
    "value": 0
  },
  "/offMultX": {
    "min": 0,
    "max": 1000,
    "value": 340
  },
  "/offMultY": {
    "min": 0,
    "max": 1000,
    "value": 329.9999694824219
  },
  "/scl": {
    "min": 0.0010000000474974513,
    "max": 0.0989999994635582,
    "value": 0.028440000489354134
  },
  "/mx": {
    "min": 0.009999999776482582,
    "max": 1,
    "value": 0.5742999911308289
  },
  "/my": {
    "min": 0.009999999776482582,
    "max": 1,
    "value": 0.5445999503135681
  },
  "/bgFill": {
    "min": 0,
    "max": 255,
    "value": 255
  },
  "/dotSizePct": {
    "min": 0,
    "max": 0.009999999776482582,
    "value": 0.004999999888241291
  }
}