{
  "/ani1Start": {
    "min": 0,
    "max": 1,
    "value": 0.07000000029802322
  },
  "/aFillMix": {
    "min": 0,
    "max": 1,
    "value": 0.09999999403953552
  },
  "/ani2trans": {"value": 0},
  "/rows": {
    "min": 1,
    "max": 200,
    "value": 180
  },
  "/periodicFuncScale": {
    "min": 0.009999999776482582,
    "max": 10,
    "value": 0.4095999598503113
  },
  "/numFrames": {
    "min": 10,
    "max": 1000,
    "value": 505
  },
  "/sliderSeed": {
    "min": 10000,
    "max": 99999,
    "value": 36099.7109375
  },
  "/rad": {
    "min": 0.009999999776482582,
    "max": 5,
    "value": 0.7584999203681946
  },
  "/ani2Dur": {
    "min": 0,
    "max": 1,
    "value": 0.20000000298023224
  },
  "/offMultX": {
    "min": 0,
    "max": 1000,
    "value": 89.99999237060547
  },
  "/off2": {
    "min": 0,
    "max": 1,
    "value": 0.12999999523162842
  },
  "/offMultY": {
    "min": 0,
    "max": 1000,
    "value": 60
  },
  "/off3": {
    "min": 0,
    "max": 1,
    "value": 0.1599999964237213
  },
  "/scl": {
    "min": 0.0010000000474974513,
    "max": 0.0989999994635582,
    "value": 0.06567999720573425
  },
  "/mx": {
    "min": 0.009999999776482582,
    "max": 1,
    "value": 0.009999999776482582
  },
  "/my": {
    "min": 0.009999999776482582,
    "max": 1,
    "value": 0.009999999776482582
  },
  "/off1": {
    "min": 0,
    "max": 1,
    "value": 0.5999999642372131
  },
  "/bgFill": {
    "min": 0,
    "max": 255,
    "value": 30.599998474121094
  },
  "/dotSizePct": {
    "min": 0,
    "max": 0.03999999910593033,
    "value": 3.9999998989515007E-4
  },
  "/cols": {
    "min": 1,
    "max": 200,
    "value": 186
  },
  "/offScl": {
    "min": 0,
    "max": 1,
    "value": 0.08999999612569809
  },
  "/ani1trans": {"value": 0},
  "/ani2Start": {
    "min": 0,
    "max": 1,
    "value": 0.5
  },
  "/label": {
    "stringValue": "2.83FPS",
    "value": 0
  },
  "/ani1Dur": {
    "min": 0,
    "max": 1,
    "value": 0.20000000298023224
  }
}