{
  "/ani1Start": {
    "min": 0,
    "max": 1,
    "value": 0.07000000029802322
  },
  "/aFillMix": {
    "min": 0,
    "max": 1,
    "value": 0
  },
  "/ani2trans": {"value": 30},
  "/rows": {
    "min": 1,
    "max": 200,
    "value": 72
  },
  "/periodicFuncScale": {
    "min": 0.009999999776482582,
    "max": 10,
    "value": 0.7092999815940857
  },
  "/numFrames": {
    "min": 10,
    "max": 1000,
    "value": 247.59999084472656
  },
  "/sliderSeed": {
    "min": 10000,
    "max": 99999,
    "value": 10000
  },
  "/rad": {
    "min": 0.009999999776482582,
    "max": 5,
    "value": 0.30939996242523193
  },
  "/ani2Dur": {
    "min": 0,
    "max": 1,
    "value": 0.20000000298023224
  },
  "/offMultX": {
    "min": 0,
    "max": 1000,
    "value": 1000
  },
  "/off2": {
    "min": 0,
    "max": 1,
    "value": 0
  },
  "/offMultY": {
    "min": 0,
    "max": 1000,
    "value": 0
  },
  "/off3": {
    "min": 0,
    "max": 1,
    "value": 0
  },
  "/scl": {
    "min": 0.0010000000474974513,
    "max": 0.0989999994635582,
    "value": 0.08331451565027237
  },
  "/mx": {
    "min": 0.009999999776482582,
    "max": 1,
    "value": 0.5049999952316284
  },
  "/my": {
    "min": 0.009999999776482582,
    "max": 1,
    "value": 0.9999580383300781
  },
  "/off1": {
    "min": 0,
    "max": 1,
    "value": 0
  },
  "/bgFill": {
    "min": 0,
    "max": 255,
    "value": 255
  },
  "/dotSizePct": {
    "min": 0,
    "max": 0.03999999910593033,
    "value": 0.0011999999405816197
  },
  "/cols": {
    "min": 1,
    "max": 200,
    "value": 38
  },
  "/offScl": {
    "min": 0,
    "max": 1,
    "value": 0.3999999761581421
  },
  "/ani1trans": {"value": 23},
  "/ani2Start": {
    "min": 0,
    "max": 1,
    "value": 0.5
  },
  "/label": {
    "stringValue": "27.25FPS",
    "value": 0
  },
  "/ani1Dur": {
    "min": 0,
    "max": 1,
    "value": 0.20000000298023224
  }
}