{
  "/ani1Start": {
    "min": 0,
    "max": 1,
    "value": 0.05999999865889549
  },
  "/aFillMix": {
    "min": 0,
    "max": 1,
    "value": 0
  },
  "/ani2trans": {"value": 30},
  "/rows": {
    "min": 1,
    "max": 200,
    "value": 114
  },
  "/periodicFuncScale": {
    "min": 0.009999999776482582,
    "max": 10,
    "value": 0.2098580002784729
  },
  "/numFrames": {
    "min": 10,
    "max": 1000,
    "value": 455.51312255859375
  },
  "/sliderSeed": {
    "min": 10000,
    "max": 99999,
    "value": 12699.9697265625
  },
  "/rad": {
    "min": 0.009999999776482582,
    "max": 5,
    "value": 0.35929998755455017
  },
  "/ani2Dur": {
    "min": 0,
    "max": 1,
    "value": 0.20000000298023224
  },
  "/offMultX": {
    "min": 0,
    "max": 1000,
    "value": 160
  },
  "/off2": {
    "min": 0,
    "max": 1,
    "value": 0.1599867194890976
  },
  "/offMultY": {
    "min": 0,
    "max": 1000,
    "value": 359.9908447265625
  },
  "/off3": {
    "min": 0,
    "max": 1,
    "value": 0.12998922169208527
  },
  "/scl": {
    "min": 0.0010000000474974513,
    "max": 0.0989999994635582,
    "value": 0.03138243407011032
  },
  "/mx": {
    "min": 0.009999999776482582,
    "max": 1,
    "value": 0.019924640655517578
  },
  "/my": {
    "min": 0.009999999776482582,
    "max": 1,
    "value": 0.01992875337600708
  },
  "/off1": {
    "min": 0,
    "max": 1,
    "value": 0.3700149357318878
  },
  "/bgFill": {
    "min": 0,
    "max": 255,
    "value": 255
  },
  "/dotSizePct": {
    "min": 0,
    "max": 0.03999999910593033,
    "value": 4.010619595646858E-4
  },
  "/cols": {
    "min": 1,
    "max": 200,
    "value": 38
  },
  "/offScl": {
    "min": 0,
    "max": 1,
    "value": 0.030038982629776
  },
  "/ani1trans": {"value": 23},
  "/ani2Start": {
    "min": 0,
    "max": 1,
    "value": 0.5
  },
  "/label": {
    "stringValue": "17.55FPS",
    "value": 0
  },
  "/ani1Dur": {
    "min": 0,
    "max": 1,
    "value": 0.20000000298023224
  }
}