{
  "/ani1Start": {
    "min": 0,
    "max": 1,
    "value": 0.07000000029802322
  },
  "/aFillMix": {
    "min": 0,
    "max": 1,
    "value": 0
  },
  "/ani2trans": {"value": 30},
  "/rows": {
    "min": 1,
    "max": 200,
    "value": 1
  },
  "/periodicFuncScale": {
    "min": 0.009999999776482582,
    "max": 10,
    "value": 0.9090999364852905
  },
  "/numFrames": {
    "min": 10,
    "max": 1000,
    "value": 613.9000244140625
  },
  "/sliderSeed": {
    "min": 10000,
    "max": 99999,
    "value": 36099.7109375
  },
  "/rad": {
    "min": 0.009999999776482582,
    "max": 5,
    "value": 0.35929998755455017
  },
  "/ani2Dur": {
    "min": 0,
    "max": 1,
    "value": 0.20000000298023224
  },
  "/offMultX": {
    "min": 0,
    "max": 1000,
    "value": 20
  },
  "/off2": {
    "min": 0,
    "max": 1,
    "value": 0
  },
  "/offMultY": {
    "min": 0,
    "max": 1000,
    "value": 69.99575805664062
  },
  "/off3": {
    "min": 0,
    "max": 1,
    "value": 0.9999152421951294
  },
  "/scl": {
    "min": 0.0010000000474974513,
    "max": 0.0989999994635582,
    "value": 0.018639998510479927
  },
  "/mx": {
    "min": 0.009999999776482582,
    "max": 1,
    "value": 0.5049999952316284
  },
  "/my": {
    "min": 0.009999999776482582,
    "max": 1,
    "value": 0.7722773551940918
  },
  "/off1": {
    "min": 0,
    "max": 1,
    "value": 0.9999330043792725
  },
  "/bgFill": {
    "min": 0,
    "max": 255,
    "value": 255
  },
  "/dotSizePct": {
    "min": 0,
    "max": 0.03999999910593033,
    "value": 0.03999999910593033
  },
  "/cols": {
    "min": 1,
    "max": 200,
    "value": 1
  },
  "/offScl": {
    "min": 0,
    "max": 1,
    "value": 0.4999915361404419
  },
  "/ani1trans": {"value": 23},
  "/ani2Start": {
    "min": 0,
    "max": 1,
    "value": 0.5
  },
  "/label": {
    "stringValue": "56.05FPS",
    "value": 0
  },
  "/ani1Dur": {
    "min": 0,
    "max": 1,
    "value": 0.20000000298023224
  }
}