{
  "/ani1Start": {
    "min": 0,
    "max": 1,
    "value": 0
  },
  "/aFillMix": {
    "min": 0,
    "max": 1,
    "value": 0.8700000047683716
  },
  "/ani2trans": {"value": 13},
  "/rows": {
    "min": 1,
    "max": 200,
    "value": 38
  },
  "/periodicFuncScale": {
    "min": 0.009999999776482582,
    "max": 10,
    "value": 1
  },
  "/numFrames": {
    "min": 10,
    "max": 1000,
    "value": 247.59999084472656
  },
  "/sliderSeed": {
    "min": 10000,
    "max": 99999,
    "value": 10000
  },
  "/rad": {
    "min": 0.009999999776482582,
    "max": 5,
    "value": 0.7584999203681946
  },
  "/ani2Dur": {
    "min": 0,
    "max": 1,
    "value": 0.20000000298023224
  },
  "/offMultX": {
    "min": 0,
    "max": 1000,
    "value": 120
  },
  "/off2": {
    "min": 0,
    "max": 1,
    "value": 0.05999999865889549
  },
  "/offMultY": {
    "min": 0,
    "max": 1000,
    "value": 20
  },
  "/off3": {
    "min": 0,
    "max": 1,
    "value": 0
  },
  "/scl": {
    "min": 0.0010000000474974513,
    "max": 0.0989999994635582,
    "value": 0.02157999947667122
  },
  "/mx": {
    "min": 0.009999999776482582,
    "max": 1,
    "value": 0.5049999952316284
  },
  "/my": {
    "min": 0.009999999776482582,
    "max": 1,
    "value": 0.5049999952316284
  },
  "/off1": {
    "min": 0,
    "max": 1,
    "value": 1
  },
  "/bgFill": {
    "min": 0,
    "max": 255,
    "value": 255
  },
  "/dotSizePct": {
    "min": 0,
    "max": 0.03999999910593033,
    "value": 0.0011999999405816197
  },
  "/cols": {
    "min": 1,
    "max": 200,
    "value": 38
  },
  "/offScl": {
    "min": 0,
    "max": 1,
    "value": 0.6499999761581421
  },
  "/ani1trans": {"value": 1},
  "/ani2Start": {
    "min": 0,
    "max": 1,
    "value": 0.5
  },
  "/label": {
    "stringValue": "45.77FPS",
    "value": 0
  },
  "/ani1Dur": {
    "min": 0,
    "max": 1,
    "value": 0.20000000298023224
  }
}