{
  "/ani1Start": {
    "min": 0,
    "max": 1,
    "value": 0.07000000029802322
  },
  "/aFillMix": {
    "min": 0,
    "max": 1,
    "value": 0
  },
  "/ani2trans": {"value": 0},
  "/rows": {
    "min": 1,
    "max": 200,
    "value": 114
  },
  "/periodicFuncScale": {
    "min": 0.009999999776482582,
    "max": 10,
    "value": 0.4095999598503113
  },
  "/numFrames": {
    "min": 10,
    "max": 1000,
    "value": 386.1999816894531
  },
  "/sliderSeed": {
    "min": 10000,
    "max": 99999,
    "value": 36099.7109375
  },
  "/rad": {
    "min": 0.009999999776482582,
    "max": 5,
    "value": 0.35929998755455017
  },
  "/ani2Dur": {
    "min": 0,
    "max": 1,
    "value": 0.20000000298023224
  },
  "/offMultX": {
    "min": 0,
    "max": 1000,
    "value": 160
  },
  "/off2": {
    "min": 0,
    "max": 1,
    "value": 1
  },
  "/offMultY": {
    "min": 0,
    "max": 1000,
    "value": 359.9908447265625
  },
  "/off3": {
    "min": 0,
    "max": 1,
    "value": 0
  },
  "/scl": {
    "min": 0.0010000000474974513,
    "max": 0.0989999994635582,
    "value": 0.03138243407011032
  },
  "/mx": {
    "min": 0.009999999776482582,
    "max": 1,
    "value": 0.01992461085319519
  },
  "/my": {
    "min": 0.009999999776482582,
    "max": 1,
    "value": 0.019928723573684692
  },
  "/off1": {
    "min": 0,
    "max": 1,
    "value": 0.2800000011920929
  },
  "/bgFill": {
    "min": 0,
    "max": 255,
    "value": 15.299999237060547
  },
  "/dotSizePct": {
    "min": 0,
    "max": 0.03999999910593033,
    "value": 4.010610282421112E-4
  },
  "/cols": {
    "min": 1,
    "max": 200,
    "value": 38
  },
  "/offScl": {
    "min": 0,
    "max": 1,
    "value": 0.030038952827453613
  },
  "/ani1trans": {"value": 0},
  "/ani2Start": {
    "min": 0,
    "max": 1,
    "value": 0.5
  },
  "/label": {
    "stringValue": "18.36FPS",
    "value": 0
  },
  "/ani1Dur": {
    "min": 0,
    "max": 1,
    "value": 0.20000000298023224
  }
}