{
  "/ani1Start": {
    "min": 0,
    "max": 1,
    "value": 0.07000000029802322
  },
  "/aFillMix": {
    "min": 0,
    "max": 1,
    "value": 1
  },
  "/ani2trans": {"value": 0},
  "/rows": {
    "min": 1,
    "max": 200,
    "value": 94.52999877929688
  },
  "/periodicFuncScale": {
    "min": 0.009999999776482582,
    "max": 10,
    "value": 3.778109073638916
  },
  "/numFrames": {
    "min": 10,
    "max": 1000,
    "value": 505
  },
  "/sliderSeed": {
    "min": 10000,
    "max": 99999,
    "value": 36099.7109375
  },
  "/rad": {
    "min": 0.009999999776482582,
    "max": 5,
    "value": 1.6150753498077393
  },
  "/ani2Dur": {
    "min": 0,
    "max": 1,
    "value": 0.20000000298023224
  },
  "/offMultX": {
    "min": 0,
    "max": 1000,
    "value": 89.99999237060547
  },
  "/off2": {
    "min": 0,
    "max": 1,
    "value": 0.6200000047683716
  },
  "/offMultY": {
    "min": 0,
    "max": 1000,
    "value": 60
  },
  "/off3": {
    "min": 0,
    "max": 1,
    "value": 0
  },
  "/scl": {
    "min": 0.0010000000474974513,
    "max": 0.0989999994635582,
    "value": 0.07645999640226364
  },
  "/mx": {
    "min": 0.009999999776482582,
    "max": 1,
    "value": 0.03970000147819519
  },
  "/my": {
    "min": 0.009999999776482582,
    "max": 1,
    "value": 0.02979999966919422
  },
  "/off1": {
    "min": 0,
    "max": 1,
    "value": 0.6599999666213989
  },
  "/bgFill": {
    "min": 0,
    "max": 255,
    "value": 142.8000030517578
  },
  "/dotSizePct": {
    "min": 0,
    "max": 0.03999999910593033,
    "value": 7.999999797903001E-4
  },
  "/cols": {
    "min": 1,
    "max": 200,
    "value": 4.980000019073486
  },
  "/offScl": {
    "min": 0,
    "max": 1,
    "value": 0.030038952827453613
  },
  "/ani1trans": {"value": 0},
  "/ani2Start": {
    "min": 0,
    "max": 1,
    "value": 0.5
  },
  "/label": {
    "stringValue": "58.37FPS",
    "value": 0
  },
  "/ani1Dur": {
    "min": 0,
    "max": 1,
    "value": 0.20000000298023224
  }
}