{
  "/aFillMix": {
    "min": 0,
    "max": 1,
    "value": 0.3700000047683716
  },
  "/rows": {
    "min": 1,
    "max": 200,
    "value": 6.96999979019165
  },
  "/periodicFuncScale": {
    "min": 0.009999999776482582,
    "max": 10,
    "value": 1
  },
  "/cols": {
    "min": 1,
    "max": 200,
    "value": 1
  },
  "/numFrames": {
    "min": 10,
    "max": 1000,
    "value": 336.6999816894531
  },
  "/offScl": {
    "min": 0.0010000000474974513,
    "max": 0.014999999664723873,
    "value": 0.0010000000474974513
  },
  "/sliderSeed": {
    "min": 10000,
    "max": 99999,
    "value": 76599.2578125
  },
  "/rad": {
    "min": 0.009999999776482582,
    "max": 5,
    "value": 0.7085999846458435
  },
  "/label": {
    "stringValue": "55.06FPS",
    "value": 0
  },
  "/offMultX": {
    "min": 0,
    "max": 1000,
    "value": 1000
  },
  "/offMultY": {
    "min": 0,
    "max": 1000,
    "value": 440
  },
  "/scl": {
    "min": 0.0010000000474974513,
    "max": 0.0989999994635582,
    "value": 0.0989999994635582
  },
  "/mx": {
    "min": 0.009999999776482582,
    "max": 1,
    "value": 0.019899999722838402
  },
  "/my": {
    "min": 0.009999999776482582,
    "max": 1,
    "value": 0.3366999626159668
  },
  "/bgFill": {
    "min": 0,
    "max": 255,
    "value": 255
  },
  "/dotSizePct": {
    "min": 0,
    "max": 0.03999999910593033,
    "value": 0.0272000003606081
  }
}