{
  "/ani1Start": {
    "min": 0,
    "max": 1,
    "value": 0
  },
  "/aFillMix": {
    "min": 0,
    "max": 1,
    "value": 0.5
  },
  "/ani2trans": {"value": 2},
  "/rows": {
    "min": 1,
    "max": 200,
    "value": 60
  },
  "/periodicFuncScale": {
    "min": 0.009999999776482582,
    "max": 10,
    "value": 1.5084998607635498
  },
  "/numFrames": {
    "min": 10,
    "max": 1000,
    "value": 79.30000305175781
  },
  "/sliderSeed": {
    "min": 10000,
    "max": 99999,
    "value": 99999
  },
  "/rad": {
    "min": 0.009999999776482582,
    "max": 5,
    "value": 0.009999999776482582
  },
  "/ani2Dur": {
    "min": 0,
    "max": 1,
    "value": 0.20000000298023224
  },
  "/offMultX": {
    "min": 0,
    "max": 1000,
    "value": 610
  },
  "/off2": {
    "min": 0,
    "max": 1,
    "value": 1
  },
  "/offMultY": {
    "min": 0,
    "max": 1000,
    "value": 350
  },
  "/off3": {
    "min": 0,
    "max": 1,
    "value": 1
  },
  "/scl": {
    "min": 0.0010000000474974513,
    "max": 0.0989999994635582,
    "value": 0.0010000000474974513
  },
  "/mx": {
    "min": 0.009999999776482582,
    "max": 1,
    "value": 1
  },
  "/my": {
    "min": 0.009999999776482582,
    "max": 1,
    "value": 1
  },
  "/off1": {
    "min": 0,
    "max": 1,
    "value": 0.17000000178813934
  },
  "/bgFill": {
    "min": 0,
    "max": 255,
    "value": 28.049999237060547
  },
  "/dotSizePct": {
    "min": 0,
    "max": 0.03999999910593033,
    "value": 3.9999998989515007E-4
  },
  "/cols": {
    "min": 1,
    "max": 200,
    "value": 64
  },
  "/offScl": {
    "min": 0,
    "max": 1,
    "value": 0.009999999776482582
  },
  "/ani1trans": {"value": 0},
  "/stepLabel": {
    "stringValue": "step ",
    "value": 0
  },
  "/ani2Start": {
    "min": 0,
    "max": 1,
    "value": 0.5
  },
  "/label": {
    "stringValue": "21.03FPS",
    "value": 0
  },
  "/ani1Dur": {
    "min": 0,
    "max": 1,
    "value": 0.20000000298023224
  },
  "/Animlabel": {
    "stringValue": "anim 0/45",
    "value": 0
  }
}