{
  "/ani1Start": {
    "min": 0,
    "max": 1,
    "value": 0
  },
  "/aFillMix": {
    "min": 0,
    "max": 1,
    "value": 0
  },
  "/ani2trans": {"value": 2},
  "/rows": {
    "min": 1,
    "max": 200,
    "value": 30.849998474121094
  },
  "/periodicFuncScale": {
    "min": 0.009999999776482582,
    "max": 10,
    "value": 0.20979999005794525
  },
  "/numFrames": {
    "min": 10,
    "max": 1000,
    "value": 60
  },
  "/sliderSeed": {
    "min": 10000,
    "max": 99999,
    "value": 10000
  },
  "/rad": {
    "min": 0.009999999776482582,
    "max": 5,
    "value": 1.2999999523162842
  },
  "/ani2Dur": {
    "min": 0,
    "max": 1,
    "value": 0.20000000298023224
  },
  "/offMultX": {
    "min": 0,
    "max": 1000,
    "value": 380
  },
  "/off2": {
    "min": 0,
    "max": 1,
    "value": 0.26999998092651367
  },
  "/offMultY": {
    "min": 0,
    "max": 1000,
    "value": 240
  },
  "/off3": {
    "min": 0,
    "max": 1,
    "value": 0.22999998927116394
  },
  "/scl": {
    "min": 0.0010000000474974513,
    "max": 0.0989999994635582,
    "value": 0.02255999855697155
  },
  "/mx": {
    "min": 0.009999999776482582,
    "max": 1,
    "value": 0.11890000104904175
  },
  "/my": {
    "min": 0.009999999776482582,
    "max": 1,
    "value": 0.11890000104904175
  },
  "/off1": {
    "min": 0,
    "max": 1,
    "value": 0.22999998927116394
  },
  "/bgFill": {
    "min": 0,
    "max": 255,
    "value": 50
  },
  "/dotSizePct": {
    "min": 0,
    "max": 0.03999999910593033,
    "value": 7.999999797903001E-4
  },
  "/cols": {
    "min": 1,
    "max": 200,
    "value": 38.810001373291016
  },
  "/offScl": {
    "min": 0,
    "max": 1,
    "value": 0.15000000596046448
  },
  "/ani1trans": {"value": 0},
  "/stepLabel": {
    "stringValue": "step ",
    "value": 0
  },
  "/ani2Start": {
    "min": 0,
    "max": 1,
    "value": 0.5
  },
  "/label": {
    "stringValue": "28.39FPS",
    "value": 0
  },
  "/ani1Dur": {
    "min": 0,
    "max": 1,
    "value": 0.20000000298023224
  },
  "/Animlabel": {
    "stringValue": "anim 0/45",
    "value": 0
  }
}