{
  "/slider4": {
    "min": 0,
    "max": 255,
    "value": 214.20004272460938
  },
  "/slider3": {
    "min": 0,
    "max": 255,
    "value": 201.2109375
  },
  "/slider2": {
    "min": 0,
    "max": 255,
    "value": 201.2109375
  }
}