{
  "/ani1Start": {
    "min": 0,
    "max": 1,
    "value": 0
  },
  "/aFillMix": {
    "min": 0,
    "max": 1,
    "value": 0.16054314374923706
  },
  "/ani2trans": {"value": 2},
  "/rows": {
    "min": 1,
    "max": 200,
    "value": 1
  },
  "/periodicFuncScale": {
    "min": 0.009999999776482582,
    "max": 10,
    "value": 9.6728515625
  },
  "/numFrames": {
    "min": 10,
    "max": 1000,
    "value": 368.9936218261719
  },
  "/sliderSeed": {
    "min": 10000,
    "max": 99999,
    "value": 10000
  },
  "/rad": {
    "min": 0.009999999776482582,
    "max": 5,
    "value": 0.73936927318573
  },
  "/ani2Dur": {
    "min": 0,
    "max": 1,
    "value": 0.20000000298023224
  },
  "/offMultX": {
    "min": 0,
    "max": 1000,
    "value": 111.02239990234375
  },
  "/off2": {
    "min": 0,
    "max": 1,
    "value": 0.9576677680015564
  },
  "/offMultY": {
    "min": 0,
    "max": 1000,
    "value": 266.773193359375
  },
  "/off3": {
    "min": 0,
    "max": 1,
    "value": 1
  },
  "/scl": {
    "min": 0.0010000000474974513,
    "max": 0.0989999994635582,
    "value": 0.02049042098224163
  },
  "/mx": {
    "min": 0.009999999776482582,
    "max": 1,
    "value": 0.22349843382835388
  },
  "/my": {
    "min": 0.009999999776482582,
    "max": 1,
    "value": 0.5761661529541016
  },
  "/off1": {
    "min": 0,
    "max": 1,
    "value": 0.8801917433738708
  },
  "/bgFill": {
    "min": 0,
    "max": 255,
    "value": 86.96885681152344
  },
  "/dotSizePct": {
    "min": 0,
    "max": 0.03999999910593033,
    "value": 0.019936103373765945
  },
  "/cols": {
    "min": 1,
    "max": 200,
    "value": 2
  },
  "/offScl": {
    "min": 0,
    "max": 1,
    "value": 0.559904158115387
  },
  "/ani1trans": {"value": 0},
  "/stepLabel": {
    "stringValue": "step ",
    "value": 0
  },
  "/ani2Start": {
    "min": 0,
    "max": 1,
    "value": 0.5
  },
  "/label": {
    "stringValue": "59.82FPS",
    "value": 0
  },
  "/ani1Dur": {
    "min": 0,
    "max": 1,
    "value": 0.20000000298023224
  },
  "/Animlabel": {
    "stringValue": "anim 11/45",
    "value": 0
  }
}